game,object,prop_animal,prop_food,prop_furniture,prop_appliance,prop_vehicle,prop_tool,prop_electronic,prop_holdable,prop_indoor,prop_engine,prop_used_for_work,prop_four_wheels,prop_pet,prop_healthy,answer_animal,answer_food,answer_furniture,answer_appliance,answer_vehicle,answer_tool,answer_electronic,answer_holdable,answer_indoor,answer_engine,answer_used_for_work,answer_four_wheels,answer_pet,answer_healthy,target
1,rhino,1,0,0,0,0,0,0,0,0,0,0,0,0,0,not_asked,no,not_asked,not_asked,yes,no,not_asked,not_asked,not_asked,yes,unsure,not_asked,not_asked,not_asked,0
1,dog,1,0,0,0,0,0,0,0,0.5,0,0,0,1,0,not_asked,no,not_asked,not_asked,yes,no,not_asked,not_asked,not_asked,yes,unsure,not_asked,not_asked,not_asked,0
1,mouse,1,0,0,0,0,0,0,1,0.5,0,0,0,0.5,0,not_asked,no,not_asked,not_asked,yes,no,not_asked,not_asked,not_asked,yes,unsure,not_asked,not_asked,not_asked,0
1,fork,0,0,0,0,0,1,0,1,1,0,0,0,0,0,not_asked,no,not_asked,not_asked,yes,no,not_asked,not_asked,not_asked,yes,unsure,not_asked,not_asked,not_asked,0
1,chair,0,0,1,0,0,0,0,0,0.5,0,0.5,0,0,0,not_asked,no,not_asked,not_asked,yes,no,not_asked,not_asked,not_asked,yes,unsure,not_asked,not_asked,not_asked,0
1,refrigerator,0,0,0,1,0,0,1,0,1,0,0,0,0,0,not_asked,no,not_asked,not_asked,yes,no,not_asked,not_asked,not_asked,yes,unsure,not_asked,not_asked,not_asked,0
1,toaster,0,0,0,1,0,0,1,1,1,0,0,0,0,0,not_asked,no,not_asked,not_asked,yes,no,not_asked,not_asked,not_asked,yes,unsure,not_asked,not_asked,not_asked,0
1,computer,0,0,0,0,0,0,1,0,1,0,0.5,0,0,0,not_asked,no,not_asked,not_asked,yes,no,not_asked,not_asked,not_asked,yes,unsure,not_asked,not_asked,not_asked,0
1,phone,0,0,0,0,0,0,1,1,1,0,0.5,0,0,0,not_asked,no,not_asked,not_asked,yes,no,not_asked,not_asked,not_asked,yes,unsure,not_asked,not_asked,not_asked,0
1,car,0,0,0,0,1,0,0.5,0,0,1,0.5,1,0,0,not_asked,no,not_asked,not_asked,yes,no,not_asked,not_asked,not_asked,yes,unsure,not_asked,not_asked,not_asked,0
1,bicycle,0,0,0,0,1,0,0.5,0,0,0,0.5,0,0,1,not_asked,no,not_asked,not_asked,yes,no,not_asked,not_asked,not_asked,yes,unsure,not_asked,not_asked,not_asked,0
1,motorcycle,0,0,0,0,1,0,0.5,0,0,1,0.5,0,0,0,not_asked,no,not_asked,not_asked,yes,no,not_asked,not_asked,not_asked,yes,unsure,not_asked,not_asked,not_asked,1
1,scooter,0,0,0,0,1,0,0.5,1,0,0,0,0,0,1,not_asked,no,not_asked,not_asked,yes,no,not_asked,not_asked,not_asked,yes,unsure,not_asked,not_asked,not_asked,0
1,apple,0,1,0,0,0,0,0,1,0,0,0,0,0,1,not_asked,no,not_asked,not_asked,yes,no,not_asked,not_asked,not_asked,yes,unsure,not_asked,not_asked,not_asked,0
1,cake,0,1,0,0,0,0,0,1,1,0,0,0,0,0,not_asked,no,not_asked,not_asked,yes,no,not_asked,not_asked,not_asked,yes,unsure,not_asked,not_asked,not_asked,0
1,book,0,0,0,0,0,0,0,1,1,0,0.5,0,0,0,not_asked,no,not_asked,not_asked,yes,no,not_asked,not_asked,not_asked,yes,unsure,not_asked,not_asked,not_asked,0
2,rhino,1,0,0,0,0,0,0,0,0,0,0,0,0,0,not_asked,not_asked,no,yes,no,not_asked,not_asked,not_asked,not_asked,not_asked,not_asked,no,no,not_asked,0
2,dog,1,0,0,0,0,0,0,0,0.5,0,0,0,1,0,not_asked,not_asked,no,yes,no,not_asked,not_asked,not_asked,not_asked,not_asked,not_asked,no,no,not_asked,0
2,mouse,1,0,0,0,0,0,0,1,0.5,0,0,0,0.5,0,not_asked,not_asked,no,yes,no,not_asked,not_asked,not_asked,not_asked,not_asked,not_asked,no,no,not_asked,0
2,fork,0,0,0,0,0,1,0,1,1,0,0,0,0,0,not_asked,not_asked,no,yes,no,not_asked,not_asked,not_asked,not_asked,not_asked,not_asked,no,no,not_asked,0
2,chair,0,0,1,0,0,0,0,0,0.5,0,0.5,0,0,0,not_asked,not_asked,no,yes,no,not_asked,not_asked,not_asked,not_asked,not_asked,not_asked,no,no,not_asked,0
2,refrigerator,0,0,0,1,0,0,1,0,1,0,0,0,0,0,not_asked,not_asked,no,yes,no,not_asked,not_asked,not_asked,not_asked,not_asked,not_asked,no,no,not_asked,1
2,toaster,0,0,0,1,0,0,1,1,1,0,0,0,0,0,not_asked,not_asked,no,yes,no,not_asked,not_asked,not_asked,not_asked,not_asked,not_asked,no,no,not_asked,0
2,computer,0,0,0,0,0,0,1,0,1,0,0.5,0,0,0,not_asked,not_asked,no,yes,no,not_asked,not_asked,not_asked,not_asked,not_asked,not_asked,no,no,not_asked,0
2,phone,0,0,0,0,0,0,1,1,1,0,0.5,0,0,0,not_asked,not_asked,no,yes,no,not_asked,not_asked,not_asked,not_asked,not_asked,not_asked,no,no,not_asked,0
2,car,0,0,0,0,1,0,0.5,0,0,1,0.5,1,0,0,not_asked,not_asked,no,yes,no,not_asked,not_asked,not_asked,not_asked,not_asked,not_asked,no,no,not_asked,0
2,bicycle,0,0,0,0,1,0,0.5,0,0,0,0.5,0,0,1,not_asked,not_asked,no,yes,no,not_asked,not_asked,not_asked,not_asked,not_asked,not_asked,no,no,not_asked,0
2,motorcycle,0,0,0,0,1,0,0.5,0,0,1,0.5,0,0,0,not_asked,not_asked,no,yes,no,not_asked,not_asked,not_asked,not_asked,not_asked,not_asked,no,no,not_asked,0
2,scooter,0,0,0,0,1,0,0.5,1,0,0,0,0,0,1,not_asked,not_asked,no,yes,no,not_asked,not_asked,not_asked,not_asked,not_asked,not_asked,no,no,not_asked,0
2,apple,0,1,0,0,0,0,0,1,0,0,0,0,0,1,not_asked,not_asked,no,yes,no,not_asked,not_asked,not_asked,not_asked,not_asked,not_asked,no,no,not_asked,0
2,cake,0,1,0,0,0,0,0,1,1,0,0,0,0,0,not_asked,not_asked,no,yes,no,not_asked,not_asked,not_asked,not_asked,not_asked,not_asked,no,no,not_asked,0
2,book,0,0,0,0,0,0,0,1,1,0,0.5,0,0,0,not_asked,not_asked,no,yes,no,not_asked,not_asked,not_asked,not_asked,not_asked,not_asked,no,no,not_asked,0
3,rhino,1,0,0,0,0,0,0,0,0,0,0,0,0,0,not_asked,no,not_asked,no,yes,not_asked,sometimes,not_asked,not_asked,no,not_asked,not_asked,not_asked,not_asked,0
3,dog,1,0,0,0,0,0,0,0,0.5,0,0,0,1,0,not_asked,no,not_asked,no,yes,not_asked,sometimes,not_asked,not_asked,no,not_asked,not_asked,not_asked,not_asked,0
3,mouse,1,0,0,0,0,0,0,1,0.5,0,0,0,0.5,0,not_asked,no,not_asked,no,yes,not_asked,sometimes,not_asked,not_asked,no,not_asked,not_asked,not_asked,not_asked,0
3,fork,0,0,0,0,0,1,0,1,1,0,0,0,0,0,not_asked,no,not_asked,no,yes,not_asked,sometimes,not_asked,not_asked,no,not_asked,not_asked,not_asked,not_asked,0
3,chair,0,0,1,0,0,0,0,0,0.5,0,0.5,0,0,0,not_asked,no,not_asked,no,yes,not_asked,sometimes,not_asked,not_asked,no,not_asked,not_asked,not_asked,not_asked,0
3,refrigerator,0,0,0,1,0,0,1,0,1,0,0,0,0,0,not_asked,no,not_asked,no,yes,not_asked,sometimes,not_asked,not_asked,no,not_asked,not_asked,not_asked,not_asked,0
3,toaster,0,0,0,1,0,0,1,1,1,0,0,0,0,0,not_asked,no,not_asked,no,yes,not_asked,sometimes,not_asked,not_asked,no,not_asked,not_asked,not_asked,not_asked,0
3,computer,0,0,0,0,0,0,1,0,1,0,0.5,0,0,0,not_asked,no,not_asked,no,yes,not_asked,sometimes,not_asked,not_asked,no,not_asked,not_asked,not_asked,not_asked,0
3,phone,0,0,0,0,0,0,1,1,1,0,0.5,0,0,0,not_asked,no,not_asked,no,yes,not_asked,sometimes,not_asked,not_asked,no,not_asked,not_asked,not_asked,not_asked,0
3,car,0,0,0,0,1,0,0.5,0,0,1,0.5,1,0,0,not_asked,no,not_asked,no,yes,not_asked,sometimes,not_asked,not_asked,no,not_asked,not_asked,not_asked,not_asked,0
3,bicycle,0,0,0,0,1,0,0.5,0,0,0,0.5,0,0,1,not_asked,no,not_asked,no,yes,not_asked,sometimes,not_asked,not_asked,no,not_asked,not_asked,not_asked,not_asked,1
3,motorcycle,0,0,0,0,1,0,0.5,0,0,1,0.5,0,0,0,not_asked,no,not_asked,no,yes,not_asked,sometimes,not_asked,not_asked,no,not_asked,not_asked,not_asked,not_asked,0
3,scooter,0,0,0,0,1,0,0.5,1,0,0,0,0,0,1,not_asked,no,not_asked,no,yes,not_asked,sometimes,not_asked,not_asked,no,not_asked,not_asked,not_asked,not_asked,0
3,apple,0,1,0,0,0,0,0,1,0,0,0,0,0,1,not_asked,no,not_asked,no,yes,not_asked,sometimes,not_asked,not_asked,no,not_asked,not_asked,not_asked,not_asked,0
3,cake,0,1,0,0,0,0,0,1,1,0,0,0,0,0,not_asked,no,not_asked,no,yes,not_asked,sometimes,not_asked,not_asked,no,not_asked,not_asked,not_asked,not_asked,0
3,book,0,0,0,0,0,0,0,1,1,0,0.5,0,0,0,not_asked,no,not_asked,no,yes,not_asked,sometimes,not_asked,not_asked,no,not_asked,not_asked,not_asked,not_asked,0
4,rhino,1,0,0,0,0,0,0,0,0,0,0,0,0,0,no,not_asked,not_asked,not_asked,not_asked,not_asked,not_asked,yes,not_asked,no,no,not_asked,not_asked,no,0
4,dog,1,0,0,0,0,0,0,0,0.5,0,0,0,1,0,no,not_asked,not_asked,not_asked,not_asked,not_asked,not_asked,yes,not_asked,no,no,not_asked,not_asked,no,0
4,mouse,1,0,0,0,0,0,0,1,0.5,0,0,0,0.5,0,no,not_asked,not_asked,not_asked,not_asked,not_asked,not_asked,yes,not_asked,no,no,not_asked,not_asked,no,0
4,fork,0,0,0,0,0,1,0,1,1,0,0,0,0,0,no,not_asked,not_asked,not_asked,not_asked,not_asked,not_asked,yes,not_asked,no,no,not_asked,not_asked,no,0
4,chair,0,0,1,0,0,0,0,0,0.5,0,0.5,0,0,0,no,not_asked,not_asked,not_asked,not_asked,not_asked,not_asked,yes,not_asked,no,no,not_asked,not_asked,no,0
4,refrigerator,0,0,0,1,0,0,1,0,1,0,0,0,0,0,no,not_asked,not_asked,not_asked,not_asked,not_asked,not_asked,yes,not_asked,no,no,not_asked,not_asked,no,0
4,toaster,0,0,0,1,0,0,1,1,1,0,0,0,0,0,no,not_asked,not_asked,not_asked,not_asked,not_asked,not_asked,yes,not_asked,no,no,not_asked,not_asked,no,1
4,computer,0,0,0,0,0,0,1,0,1,0,0.5,0,0,0,no,not_asked,not_asked,not_asked,not_asked,not_asked,not_asked,yes,not_asked,no,no,not_asked,not_asked,no,0
4,phone,0,0,0,0,0,0,1,1,1,0,0.5,0,0,0,no,not_asked,not_asked,not_asked,not_asked,not_asked,not_asked,yes,not_asked,no,no,not_asked,not_asked,no,0
4,car,0,0,0,0,1,0,0.5,0,0,1,0.5,1,0,0,no,not_asked,not_asked,not_asked,not_asked,not_asked,not_asked,yes,not_asked,no,no,not_asked,not_asked,no,0
4,bicycle,0,0,0,0,1,0,0.5,0,0,0,0.5,0,0,1,no,not_asked,not_asked,not_asked,not_asked,not_asked,not_asked,yes,not_asked,no,no,not_asked,not_asked,no,0
4,motorcycle,0,0,0,0,1,0,0.5,0,0,1,0.5,0,0,0,no,not_asked,not_asked,not_asked,not_asked,not_asked,not_asked,yes,not_asked,no,no,not_asked,not_asked,no,0
4,scooter,0,0,0,0,1,0,0.5,1,0,0,0,0,0,1,no,not_asked,not_asked,not_asked,not_asked,not_asked,not_asked,yes,not_asked,no,no,not_asked,not_asked,no,0
4,apple,0,1,0,0,0,0,0,1,0,0,0,0,0,1,no,not_asked,not_asked,not_asked,not_asked,not_asked,not_asked,yes,not_asked,no,no,not_asked,not_asked,no,0
4,cake,0,1,0,0,0,0,0,1,1,0,0,0,0,0,no,not_asked,not_asked,not_asked,not_asked,not_asked,not_asked,yes,not_asked,no,no,not_asked,not_asked,no,0
4,book,0,0,0,0,0,0,0,1,1,0,0.5,0,0,0,no,not_asked,not_asked,not_asked,not_asked,not_asked,not_asked,yes,not_asked,no,no,not_asked,not_asked,no,0
5,rhino,1,0,0,0,0,0,0,0,0,0,0,0,0,0,not_asked,not_asked,no,no,no,not_asked,no,yes,not_asked,not_asked,not_asked,not_asked,not_asked,not_asked,0
5,dog,1,0,0,0,0,0,0,0,0.5,0,0,0,1,0,not_asked,not_asked,no,no,no,not_asked,no,yes,not_asked,not_asked,not_asked,not_asked,not_asked,not_asked,0
5,mouse,1,0,0,0,0,0,0,1,0.5,0,0,0,0.5,0,not_asked,not_asked,no,no,no,not_asked,no,yes,not_asked,not_asked,not_asked,not_asked,not_asked,not_asked,0
5,fork,0,0,0,0,0,1,0,1,1,0,0,0,0,0,not_asked,not_asked,no,no,no,not_asked,no,yes,not_asked,not_asked,not_asked,not_asked,not_asked,not_asked,0
5,chair,0,0,1,0,0,0,0,0,0.5,0,0.5,0,0,0,not_asked,not_asked,no,no,no,not_asked,no,yes,not_asked,not_asked,not_asked,not_asked,not_asked,not_asked,0
5,refrigerator,0,0,0,1,0,0,1,0,1,0,0,0,0,0,not_asked,not_asked,no,no,no,not_asked,no,yes,not_asked,not_asked,not_asked,not_asked,not_asked,not_asked,0
5,toaster,0,0,0,1,0,0,1,1,1,0,0,0,0,0,not_asked,not_asked,no,no,no,not_asked,no,yes,not_asked,not_asked,not_asked,not_asked,not_asked,not_asked,0
5,computer,0,0,0,0,0,0,1,0,1,0,0.5,0,0,0,not_asked,not_asked,no,no,no,not_asked,no,yes,not_asked,not_asked,not_asked,not_asked,not_asked,not_asked,0
5,phone,0,0,0,0,0,0,1,1,1,0,0.5,0,0,0,not_asked,not_asked,no,no,no,not_asked,no,yes,not_asked,not_asked,not_asked,not_asked,not_asked,not_asked,0
5,car,0,0,0,0,1,0,0.5,0,0,1,0.5,1,0,0,not_asked,not_asked,no,no,no,not_asked,no,yes,not_asked,not_asked,not_asked,not_asked,not_asked,not_asked,0
5,bicycle,0,0,0,0,1,0,0.5,0,0,0,0.5,0,0,1,not_asked,not_asked,no,no,no,not_asked,no,yes,not_asked,not_asked,not_asked,not_asked,not_asked,not_asked,0
5,motorcycle,0,0,0,0,1,0,0.5,0,0,1,0.5,0,0,0,not_asked,not_asked,no,no,no,not_asked,no,yes,not_asked,not_asked,not_asked,not_asked,not_asked,not_asked,0
5,scooter,0,0,0,0,1,0,0.5,1,0,0,0,0,0,1,not_asked,not_asked,no,no,no,not_asked,no,yes,not_asked,not_asked,not_asked,not_asked,not_asked,not_asked,0
5,apple,0,1,0,0,0,0,0,1,0,0,0,0,0,1,not_asked,not_asked,no,no,no,not_asked,no,yes,not_asked,not_asked,not_asked,not_asked,not_asked,not_asked,0
5,cake,0,1,0,0,0,0,0,1,1,0,0,0,0,0,not_asked,not_asked,no,no,no,not_asked,no,yes,not_asked,not_asked,not_asked,not_asked,not_asked,not_asked,0
5,book,0,0,0,0,0,0,0,1,1,0,0.5,0,0,0,not_asked,not_asked,no,no,no,not_asked,no,yes,not_asked,not_asked,not_asked,not_asked,not_asked,not_asked,1
6,rhino,1,0,0,0,0,0,0,0,0,0,0,0,0,0,not_asked,not_asked,not_asked,not_asked,not_asked,no,not_asked,yes,yes,not_asked,not_asked,no,no,not_asked,0
6,dog,1,0,0,0,0,0,0,0,0.5,0,0,0,1,0,not_asked,not_asked,not_asked,not_asked,not_asked,no,not_asked,yes,yes,not_asked,not_asked,no,no,not_asked,0
6,mouse,1,0,0,0,0,0,0,1,0.5,0,0,0,0.5,0,not_asked,not_asked,not_asked,not_asked,not_asked,no,not_asked,yes,yes,not_asked,not_asked,no,no,not_asked,0
6,fork,0,0,0,0,0,1,0,1,1,0,0,0,0,0,not_asked,not_asked,not_asked,not_asked,not_asked,no,not_asked,yes,yes,not_asked,not_asked,no,no,not_asked,0
6,chair,0,0,1,0,0,0,0,0,0.5,0,0.5,0,0,0,not_asked,not_asked,not_asked,not_asked,not_asked,no,not_asked,yes,yes,not_asked,not_asked,no,no,not_asked,0
6,refrigerator,0,0,0,1,0,0,1,0,1,0,0,0,0,0,not_asked,not_asked,not_asked,not_asked,not_asked,no,not_asked,yes,yes,not_asked,not_asked,no,no,not_asked,0
6,toaster,0,0,0,1,0,0,1,1,1,0,0,0,0,0,not_asked,not_asked,not_asked,not_asked,not_asked,no,not_asked,yes,yes,not_asked,not_asked,no,no,not_asked,1
6,computer,0,0,0,0,0,0,1,0,1,0,0.5,0,0,0,not_asked,not_asked,not_asked,not_asked,not_asked,no,not_asked,yes,yes,not_asked,not_asked,no,no,not_asked,0
6,phone,0,0,0,0,0,0,1,1,1,0,0.5,0,0,0,not_asked,not_asked,not_asked,not_asked,not_asked,no,not_asked,yes,yes,not_asked,not_asked,no,no,not_asked,0
6,car,0,0,0,0,1,0,0.5,0,0,1,0.5,1,0,0,not_asked,not_asked,not_asked,not_asked,not_asked,no,not_asked,yes,yes,not_asked,not_asked,no,no,not_asked,0
6,bicycle,0,0,0,0,1,0,0.5,0,0,0,0.5,0,0,1,not_asked,not_asked,not_asked,not_asked,not_asked,no,not_asked,yes,yes,not_asked,not_asked,no,no,not_asked,0
6,motorcycle,0,0,0,0,1,0,0.5,0,0,1,0.5,0,0,0,not_asked,not_asked,not_asked,not_asked,not_asked,no,not_asked,yes,yes,not_asked,not_asked,no,no,not_asked,0
6,scooter,0,0,0,0,1,0,0.5,1,0,0,0,0,0,1,not_asked,not_asked,not_asked,not_asked,not_asked,no,not_asked,yes,yes,not_asked,not_asked,no,no,not_asked,0
6,apple,0,1,0,0,0,0,0,1,0,0,0,0,0,1,not_asked,not_asked,not_asked,not_asked,not_asked,no,not_asked,yes,yes,not_asked,not_asked,no,no,not_asked,0
6,cake,0,1,0,0,0,0,0,1,1,0,0,0,0,0,not_asked,not_asked,not_asked,not_asked,not_asked,no,not_asked,yes,yes,not_asked,not_asked,no,no,not_asked,0
6,book,0,0,0,0,0,0,0,1,1,0,0.5,0,0,0,not_asked,not_asked,not_asked,not_asked,not_asked,no,not_asked,yes,yes,not_asked,not_asked,no,no,not_asked,0
7,rhino,1,0,0,0,0,0,0,0,0,0,0,0,0,0,no,no,not_asked,not_asked,not_asked,no,not_asked,no,not_asked,no,not_asked,not_asked,not_asked,not_asked,0
7,dog,1,0,0,0,0,0,0,0,0.5,0,0,0,1,0,no,no,not_asked,not_asked,not_asked,no,not_asked,no,not_asked,no,not_asked,not_asked,not_asked,not_asked,0
7,mouse,1,0,0,0,0,0,0,1,0.5,0,0,0,0.5,0,no,no,not_asked,not_asked,not_asked,no,not_asked,no,not_asked,no,not_asked,not_asked,not_asked,not_asked,0
7,fork,0,0,0,0,0,1,0,1,1,0,0,0,0,0,no,no,not_asked,not_asked,not_asked,no,not_asked,no,not_asked,no,not_asked,not_asked,not_asked,not_asked,0
7,chair,0,0,1,0,0,0,0,0,0.5,0,0.5,0,0,0,no,no,not_asked,not_asked,not_asked,no,not_asked,no,not_asked,no,not_asked,not_asked,not_asked,not_asked,0
7,refrigerator,0,0,0,1,0,0,1,0,1,0,0,0,0,0,no,no,not_asked,not_asked,not_asked,no,not_asked,no,not_asked,no,not_asked,not_asked,not_asked,not_asked,0
7,toaster,0,0,0,1,0,0,1,1,1,0,0,0,0,0,no,no,not_asked,not_asked,not_asked,no,not_asked,no,not_asked,no,not_asked,not_asked,not_asked,not_asked,0
7,computer,0,0,0,0,0,0,1,0,1,0,0.5,0,0,0,no,no,not_asked,not_asked,not_asked,no,not_asked,no,not_asked,no,not_asked,not_asked,not_asked,not_asked,1
7,phone,0,0,0,0,0,0,1,1,1,0,0.5,0,0,0,no,no,not_asked,not_asked,not_asked,no,not_asked,no,not_asked,no,not_asked,not_asked,not_asked,not_asked,0
7,car,0,0,0,0,1,0,0.5,0,0,1,0.5,1,0,0,no,no,not_asked,not_asked,not_asked,no,not_asked,no,not_asked,no,not_asked,not_asked,not_asked,not_asked,0
7,bicycle,0,0,0,0,1,0,0.5,0,0,0,0.5,0,0,1,no,no,not_asked,not_asked,not_asked,no,not_asked,no,not_asked,no,not_asked,not_asked,not_asked,not_asked,0
7,motorcycle,0,0,0,0,1,0,0.5,0,0,1,0.5,0,0,0,no,no,not_asked,not_asked,not_asked,no,not_asked,no,not_asked,no,not_asked,not_asked,not_asked,not_asked,0
7,scooter,0,0,0,0,1,0,0.5,1,0,0,0,0,0,1,no,no,not_asked,not_asked,not_asked,no,not_asked,no,not_asked,no,not_asked,not_asked,not_asked,not_asked,0
7,apple,0,1,0,0,0,0,0,1,0,0,0,0,0,1,no,no,not_asked,not_asked,not_asked,no,not_asked,no,not_asked,no,not_asked,not_asked,not_asked,not_asked,0
7,cake,0,1,0,0,0,0,0,1,1,0,0,0,0,0,no,no,not_asked,not_asked,not_asked,no,not_asked,no,not_asked,no,not_asked,not_asked,not_asked,not_asked,0
7,book,0,0,0,0,0,0,0,1,1,0,0.5,0,0,0,no,no,not_asked,not_asked,not_asked,no,not_asked,no,not_asked,no,not_asked,not_asked,not_asked,not_asked,0
8,rhino,1,0,0,0,0,0,0,0,0,0,0,0,0,0,not_asked,not_asked,not_asked,no,not_asked,not_asked,not_asked,not_asked,no,yes,not_asked,yes,no,not_asked,0
8,dog,1,0,0,0,0,0,0,0,0.5,0,0,0,1,0,not_asked,not_asked,not_asked,no,not_asked,not_asked,not_asked,not_asked,no,yes,not_asked,yes,no,not_asked,0
8,mouse,1,0,0,0,0,0,0,1,0.5,0,0,0,0.5,0,not_asked,not_asked,not_asked,no,not_asked,not_asked,not_asked,not_asked,no,yes,not_asked,yes,no,not_asked,0
8,fork,0,0,0,0,0,1,0,1,1,0,0,0,0,0,not_asked,not_asked,not_asked,no,not_asked,not_asked,not_asked,not_asked,no,yes,not_asked,yes,no,not_asked,0
8,chair,0,0,1,0,0,0,0,0,0.5,0,0.5,0,0,0,not_asked,not_asked,not_asked,no,not_asked,not_asked,not_asked,not_asked,no,yes,not_asked,yes,no,not_asked,0
8,refrigerator,0,0,0,1,0,0,1,0,1,0,0,0,0,0,not_asked,not_asked,not_asked,no,not_asked,not_asked,not_asked,not_asked,no,yes,not_asked,yes,no,not_asked,0
8,toaster,0,0,0,1,0,0,1,1,1,0,0,0,0,0,not_asked,not_asked,not_asked,no,not_asked,not_asked,not_asked,not_asked,no,yes,not_asked,yes,no,not_asked,0
8,computer,0,0,0,0,0,0,1,0,1,0,0.5,0,0,0,not_asked,not_asked,not_asked,no,not_asked,not_asked,not_asked,not_asked,no,yes,not_asked,yes,no,not_asked,0
8,phone,0,0,0,0,0,0,1,1,1,0,0.5,0,0,0,not_asked,not_asked,not_asked,no,not_asked,not_asked,not_asked,not_asked,no,yes,not_asked,yes,no,not_asked,0
8,car,0,0,0,0,1,0,0.5,0,0,1,0.5,1,0,0,not_asked,not_asked,not_asked,no,not_asked,not_asked,not_asked,not_asked,no,yes,not_asked,yes,no,not_asked,1
8,bicycle,0,0,0,0,1,0,0.5,0,0,0,0.5,0,0,1,not_asked,not_asked,not_asked,no,not_asked,not_asked,not_asked,not_asked,no,yes,not_asked,yes,no,not_asked,0
8,motorcycle,0,0,0,0,1,0,0.5,0,0,1,0.5,0,0,0,not_asked,not_asked,not_asked,no,not_asked,not_asked,not_asked,not_asked,no,yes,not_asked,yes,no,not_asked,0
8,scooter,0,0,0,0,1,0,0.5,1,0,0,0,0,0,1,not_asked,not_asked,not_asked,no,not_asked,not_asked,not_asked,not_asked,no,yes,not_asked,yes,no,not_asked,0
8,apple,0,1,0,0,0,0,0,1,0,0,0,0,0,1,not_asked,not_asked,not_asked,no,not_asked,not_asked,not_asked,not_asked,no,yes,not_asked,yes,no,not_asked,0
8,cake,0,1,0,0,0,0,0,1,1,0,0,0,0,0,not_asked,not_asked,not_asked,no,not_asked,not_asked,not_asked,not_asked,no,yes,not_asked,yes,no,not_asked,0
8,book,0,0,0,0,0,0,0,1,1,0,0.5,0,0,0,not_asked,not_asked,not_asked,no,not_asked,not_asked,not_asked,not_asked,no,yes,not_asked,yes,no,not_asked,0
9,rhino,1,0,0,0,0,0,0,0,0,0,0,0,0,0,not_asked,no,not_asked,not_asked,no,no,not_asked,not_asked,not_asked,not_asked,unsure,not_asked,not_asked,no,0
9,dog,1,0,0,0,0,0,0,0,0.5,0,0,0,1,0,not_asked,no,not_asked,not_asked,no,no,not_asked,not_asked,not_asked,not_asked,unsure,not_asked,not_asked,no,0
9,mouse,1,0,0,0,0,0,0,1,0.5,0,0,0,0.5,0,not_asked,no,not_asked,not_asked,no,no,not_asked,not_asked,not_asked,not_asked,unsure,not_asked,not_asked,no,0
9,fork,0,0,0,0,0,1,0,1,1,0,0,0,0,0,not_asked,no,not_asked,not_asked,no,no,not_asked,not_asked,not_asked,not_asked,unsure,not_asked,not_asked,no,0
9,chair,0,0,1,0,0,0,0,0,0.5,0,0.5,0,0,0,not_asked,no,not_asked,not_asked,no,no,not_asked,not_asked,not_asked,not_asked,unsure,not_asked,not_asked,no,0
9,refrigerator,0,0,0,1,0,0,1,0,1,0,0,0,0,0,not_asked,no,not_asked,not_asked,no,no,not_asked,not_asked,not_asked,not_asked,unsure,not_asked,not_asked,no,0
9,toaster,0,0,0,1,0,0,1,1,1,0,0,0,0,0,not_asked,no,not_asked,not_asked,no,no,not_asked,not_asked,not_asked,not_asked,unsure,not_asked,not_asked,no,0
9,computer,0,0,0,0,0,0,1,0,1,0,0.5,0,0,0,not_asked,no,not_asked,not_asked,no,no,not_asked,not_asked,not_asked,not_asked,unsure,not_asked,not_asked,no,1
9,phone,0,0,0,0,0,0,1,1,1,0,0.5,0,0,0,not_asked,no,not_asked,not_asked,no,no,not_asked,not_asked,not_asked,not_asked,unsure,not_asked,not_asked,no,0
9,car,0,0,0,0,1,0,0.5,0,0,1,0.5,1,0,0,not_asked,no,not_asked,not_asked,no,no,not_asked,not_asked,not_asked,not_asked,unsure,not_asked,not_asked,no,0
9,bicycle,0,0,0,0,1,0,0.5,0,0,0,0.5,0,0,1,not_asked,no,not_asked,not_asked,no,no,not_asked,not_asked,not_asked,not_asked,unsure,not_asked,not_asked,no,0
9,motorcycle,0,0,0,0,1,0,0.5,0,0,1,0.5,0,0,0,not_asked,no,not_asked,not_asked,no,no,not_asked,not_asked,not_asked,not_asked,unsure,not_asked,not_asked,no,0
9,scooter,0,0,0,0,1,0,0.5,1,0,0,0,0,0,1,not_asked,no,not_asked,not_asked,no,no,not_asked,not_asked,not_asked,not_asked,unsure,not_asked,not_asked,no,0
9,apple,0,1,0,0,0,0,0,1,0,0,0,0,0,1,not_asked,no,not_asked,not_asked,no,no,not_asked,not_asked,not_asked,not_asked,unsure,not_asked,not_asked,no,0
9,cake,0,1,0,0,0,0,0,1,1,0,0,0,0,0,not_asked,no,not_asked,not_asked,no,no,not_asked,not_asked,not_asked,not_asked,unsure,not_asked,not_asked,no,0
9,book,0,0,0,0,0,0,0,1,1,0,0.5,0,0,0,not_asked,no,not_asked,not_asked,no,no,not_asked,not_asked,not_asked,not_asked,unsure,not_asked,not_asked,no,0
10,rhino,1,0,0,0,0,0,0,0,0,0,0,0,0,0,not_asked,not_asked,not_asked,no,not_asked,no,not_asked,yes,not_asked,not_asked,no,not_asked,not_asked,yes,0
10,dog,1,0,0,0,0,0,0,0,0.5,0,0,0,1,0,not_asked,not_asked,not_asked,no,not_asked,no,not_asked,yes,not_asked,not_asked,no,not_asked,not_asked,yes,0
10,mouse,1,0,0,0,0,0,0,1,0.5,0,0,0,0.5,0,not_asked,not_asked,not_asked,no,not_asked,no,not_asked,yes,not_asked,not_asked,no,not_asked,not_asked,yes,0
10,fork,0,0,0,0,0,1,0,1,1,0,0,0,0,0,not_asked,not_asked,not_asked,no,not_asked,no,not_asked,yes,not_asked,not_asked,no,not_asked,not_asked,yes,0
10,chair,0,0,1,0,0,0,0,0,0.5,0,0.5,0,0,0,not_asked,not_asked,not_asked,no,not_asked,no,not_asked,yes,not_asked,not_asked,no,not_asked,not_asked,yes,0
10,refrigerator,0,0,0,1,0,0,1,0,1,0,0,0,0,0,not_asked,not_asked,not_asked,no,not_asked,no,not_asked,yes,not_asked,not_asked,no,not_asked,not_asked,yes,0
10,toaster,0,0,0,1,0,0,1,1,1,0,0,0,0,0,not_asked,not_asked,not_asked,no,not_asked,no,not_asked,yes,not_asked,not_asked,no,not_asked,not_asked,yes,0
10,computer,0,0,0,0,0,0,1,0,1,0,0.5,0,0,0,not_asked,not_asked,not_asked,no,not_asked,no,not_asked,yes,not_asked,not_asked,no,not_asked,not_asked,yes,0
10,phone,0,0,0,0,0,0,1,1,1,0,0.5,0,0,0,not_asked,not_asked,not_asked,no,not_asked,no,not_asked,yes,not_asked,not_asked,no,not_asked,not_asked,yes,0
10,car,0,0,0,0,1,0,0.5,0,0,1,0.5,1,0,0,not_asked,not_asked,not_asked,no,not_asked,no,not_asked,yes,not_asked,not_asked,no,not_asked,not_asked,yes,0
10,bicycle,0,0,0,0,1,0,0.5,0,0,0,0.5,0,0,1,not_asked,not_asked,not_asked,no,not_asked,no,not_asked,yes,not_asked,not_asked,no,not_asked,not_asked,yes,0
10,motorcycle,0,0,0,0,1,0,0.5,0,0,1,0.5,0,0,0,not_asked,not_asked,not_asked,no,not_asked,no,not_asked,yes,not_asked,not_asked,no,not_asked,not_asked,yes,0
10,scooter,0,0,0,0,1,0,0.5,1,0,0,0,0,0,1,not_asked,not_asked,not_asked,no,not_asked,no,not_asked,yes,not_asked,not_asked,no,not_asked,not_asked,yes,1
10,apple,0,1,0,0,0,0,0,1,0,0,0,0,0,1,not_asked,not_asked,not_asked,no,not_asked,no,not_asked,yes,not_asked,not_asked,no,not_asked,not_asked,yes,0
10,cake,0,1,0,0,0,0,0,1,1,0,0,0,0,0,not_asked,not_asked,not_asked,no,not_asked,no,not_asked,yes,not_asked,not_asked,no,not_asked,not_asked,yes,0
10,book,0,0,0,0,0,0,0,1,1,0,0.5,0,0,0,not_asked,not_asked,not_asked,no,not_asked,no,not_asked,yes,not_asked,not_asked,no,not_asked,not_asked,yes,0
